1,test01,test01@example.com,0120-999-999,test01,20210101000101
2,test02,test02@example.com,0120-999-999,test02,20210102000202
3,test03,test03@example.com,0120-999-999,test03,20210103000303
4,test04,test04@example.com,0120-999-999,test04,20210104000404
5,test05,test05@example.com,0120-999-999,test05,20210105000505
6,test06,test06@example.com,0120-999-999,test06,20210106000606
7,test07,test07@example.com,0120-999-999,test07,20210107000707
8,test08,test08@example.com,0120-999-999,test08,20210108000808
9,test09,test09@example.com,0120-999-999,test09,20210109000909
10,test10,test10@example.com,0120-999-999,test10,20210110001010
11,test11,test11@example.com,0120-999-999,test11,20210111001111
12,test12,test12@example.com,0120-999-999,test12,20210112001212
13,test13,test13@example.com,0120-999-999,test13,20210113001313
14,test14,test14@example.com,0120-999-999,test14,20210114001414
15,test15,test15@example.com,0120-999-999,test15,20210115001515
16,test16,test16@example.com,0120-999-999,test16,20210116001616
17,test17,test17@example.com,0120-999-999,test17,20210117001717
18,test18,test18@example.com,0120-999-999,test18,20210118001818
19,test19,test19@example.com,0120-999-999,test19,20210119001919
20,test20,test20@example.com,0120-999-999,test20,20210120002020
21,test21,test21@example.com,0120-999-999,test21,20210121002121
22,test22,test22@example.com,0120-999-999,test22,20210122002222
23,test23,test23@example.com,0120-999-999,test23,20210123002323
24,test24,test24@example.com,0120-999-999,test24,20210124002424
25,test25,test25@example.com,0120-999-999,test25,20210125002525
26,test26,test26@example.com,0120-999-999,test26,20210126002626
27,test27,test27@example.com,0120-999-999,test27,20210127002727
28,test28,test28@example.com,0120-999-999,test28,20210128002828
29,test29,test29@example.com,0120-999-999,test29,20210129002929
30,test30,test30@example.com,0120-999-999,test30,20210130003030
31,test31,test31@example.com,0120-999-999,test31,20210131003131
32,test32,test32@example.com,0120-999-999,test32,20210201003232
33,test33,test33@example.com,0120-999-999,test33,20210202003333
34,test34,test34@example.com,0120-999-999,test34,20210203003434
35,test35,test35@example.com,0120-999-999,test35,20210204003535
36,test36,test36@example.com,0120-999-999,test36,20210205003636
37,test37,test37@example.com,0120-999-999,test37,20210206003737
38,test38,test38@example.com,0120-999-999,test38,20210207003838
39,test39,test39@example.com,0120-999-999,test39,20210208003939
40,test40,test40@example.com,0120-999-999,test40,20210209004040
41,test41,test41@example.com,0120-999-999,test41,20210210004141
42,test42,test42@example.com,0120-999-999,test42,20210211004242
43,test43,test43@example.com,0120-999-999,test43,20210212004343
44,test44,test44@example.com,0120-999-999,test44,20210213004444
45,test45,test45@example.com,0120-999-999,test45,20210214004545
46,test46,test46@example.com,0120-999-999,test46,20210215004646
47,test47,test47@example.com,0120-999-999,test47,20210216004747
48,test48,test48@example.com,0120-999-999,test48,20210217004848
49,test49,test49@example.com,0120-999-999,test49,20210218004949
50,test50,test50@example.com,0120-999-999,test50,20210219005050
51,test51,test51@example.com,0120-999-999,test51,20210220005151
52,test52,test52@example.com,0120-999-999,test52,20210221005252
53,test53,test53@example.com,0120-999-999,test53,20210222005353
54,test54,test54@example.com,0120-999-999,test54,20210223005454
55,test55,test55@example.com,0120-999-999,test55,20210224005555
56,test56,test56@example.com,0120-999-999,test56,20210225005656
57,test57,test57@example.com,0120-999-999,test57,20210226005757
58,test58,test58@example.com,0120-999-999,test58,20210227005858
59,test59,test59@example.com,0120-999-999,test59,20210228005959
60,test60,test60@example.com,0120-999-999,test60,20210301010100
61,test61,test61@example.com,0120-999-999,test61,20210302010201
62,test62,test62@example.com,0120-999-999,test62,20210303010302
63,test63,test63@example.com,0120-999-999,test63,20210304010403
64,test64,test64@example.com,0120-999-999,test64,20210305010504
65,test65,test65@example.com,0120-999-999,test65,20210306010605
66,test66,test66@example.com,0120-999-999,test66,20210307010706
67,test67,test67@example.com,0120-999-999,test67,20210308010807
68,test68,test68@example.com,0120-999-999,test68,20210309010908
69,test69,test69@example.com,0120-999-999,test69,20210310011009
70,test70,test70@example.com,0120-999-999,test70,20210311011110
71,test71,test71@example.com,0120-999-999,test71,20210312011211
72,test72,test72@example.com,0120-999-999,test72,20210313011312
73,test73,test73@example.com,0120-999-999,test73,20210314011413
74,test74,test74@example.com,0120-999-999,test74,20210315011514
75,test75,test75@example.com,0120-999-999,test75,20210316011615
76,test76,test76@example.com,0120-999-999,test76,20210317011716
77,test77,test77@example.com,0120-999-999,test77,20210318011817
78,test78,test78@example.com,0120-999-999,test78,20210319011918
79,test79,test79@example.com,0120-999-999,test79,20210320012019
80,test80,test80@example.com,0120-999-999,test80,20210321012120
81,test81,test81@example.com,0120-999-999,test81,20210322012221
82,test82,test82@example.com,0120-999-999,test82,20210323012322
83,test83,test83@example.com,0120-999-999,test83,20210324012423
84,test84,test84@example.com,0120-999-999,test84,20210325012524
85,test85,test85@example.com,0120-999-999,test85,20210326012625
86,test86,test86@example.com,0120-999-999,test86,20210327012726
87,test87,test87@example.com,0120-999-999,test87,20210328012827
88,test88,test88@example.com,0120-999-999,test88,20210329012928
89,test89,test89@example.com,0120-999-999,test89,20210330013029
90,test90,test90@example.com,0120-999-999,test90,20210331013130
91,test91,test91@example.com,0120-999-999,test91,20210401013231
92,test92,test92@example.com,0120-999-999,test92,20210402013332
93,test93,test93@example.com,0120-999-999,test93,20210403013433
94,test94,test94@example.com,0120-999-999,test94,20210404013534
95,test95,test95@example.com,0120-999-999,test95,20210405013635
96,test96,test96@example.com,0120-999-999,test96,20210406013736
97,test97,test97@example.com,0120-999-999,test97,20210407013837
98,test98,test98@example.com,0120-999-999,test98,20210408013938
99,test99,test99@example.com,0120-999-999,test99,20210409014039
